Doctor Name,Specialty,Telephone No.,Hospital Name,Longitude,Latitude,Opening Time,Closing Time
Doc 1, Dermatologist,555-7018,Hospital 29,27.37175,76.308027,09:00,13:00
Doc 2, General Surgeon,555-4260,Hospital 53,27.766363,77.501838,11:00,13:00
Doc 3, Pulmonologist,555-1332,Hospital 25,28.745946,76.146828,09:30,14:30
Doc 4, Endocrinologist,555-0036,Hospital 57,28.528388,76.059994,08:30,13:00
Doc 5, General Surgeon,555-7093,Hospital 7,28.142212,77.646294,08:00,16:30
Doc 6, General Practitioner (GP),555-6380,Hospital 49,27.699109,77.414827,11:30,14:30
Doc 7, Endocrinologist,555-4937,Hospital 59,28.346389,77.415306,09:30,15:00
Doc 8, Neurologist,555-7112,Hospital 81,28.660973,77.099862,09:00,16:00
Doc 9, Psychiatrist,555-1891,Hospital 27,28.26842,76.471892,08:00,16:30
Doc 10, Pediatrician,555-4464,Hospital 84,27.287959,77.242769,10:30,13:30
Doc 11, Dermatologist,555-3619,Hospital 78,28.532011,76.619887,08:30,16:30
Doc 12, Infectious Disease Specialist,555-3786,Hospital 78,28.532011,76.619887,08:00,15:00
Doc 13, Gastroenterologist,555-7553,Hospital 38,28.456598,77.404925,08:00,13:30
Doc 14, Child Psychiatrist,555-8077,Hospital 65,27.649354,77.176551,11:30,15:00
Doc 15, Endocrinologist,555-8301,Hospital 23,28.464761,76.510788,09:00,16:30
Doc 16, Dermatologist,555-6129,Hospital 58,27.644043,76.214646,09:00,16:30
Doc 17, Hematologist,555-9380,Hospital 99,28.482071,77.894532,10:00,14:00
Doc 18, Gynecologic Oncologist,555-5705,Hospital 53,27.766363,77.501838,11:30,16:00
Doc 19, Urologist,555-1645,Hospital 65,27.649354,77.176551,10:00,15:30
Doc 20, Pulmonologist,555-9922,Hospital 95,27.662315,77.570379,09:00,14:30
Doc 21, Pulmonologist,555-8830,Hospital 23,28.464761,76.510788,08:30,14:30
Doc 22, Dermatologist,555-4536,Hospital 83,27.01972,77.242034,09:30,16:30
Doc 23, Infectious Disease Specialist,555-4686,Hospital 24,28.975087,77.450593,11:30,16:00
Doc 24, Dermatologist,555-1826,Hospital 86,28.753137,77.95177,11:30,15:00
Doc 25, Endocrinologist,555-5051,Hospital 9,28.214988,77.328288,09:30,15:30
Doc 26, Dermatologist,555-9299,Hospital 49,27.699109,77.414827,09:00,15:00
Doc 27, General Practitioner (GP),555-0428,Hospital 42,28.732786,77.181546,09:30,14:00
Doc 28, Pulmonologist,555-0244,Hospital 91,28.798539,76.414072,08:30,16:00
Doc 29, Gynecologic Oncologist,555-2747,Hospital 14,27.181245,77.269759,08:30,14:30
Doc 30, General Practitioner (GP),555-7169,Hospital 32,28.180174,76.947498,08:00,15:00
Doc 31, Pediatrician,555-4511,Hospital 57,28.528388,76.059994,10:30,16:30
Doc 32, Infectious Disease Specialist,555-4498,Hospital 41,27.709855,77.977978,08:30,13:00
Doc 33, Ophthalmologist,555-4349,Hospital 63,27.385348,77.133879,09:00,16:00
Doc 34, Neurologist,555-8903,Hospital 36,28.353046,76.755471,10:00,16:30
Doc 35, Pulmonologist,555-9223,Hospital 83,27.01972,77.242034,10:30,13:30
Doc 36, Gastroenterologist,555-1552,Hospital 79,27.522676,76.085613,10:00,15:00
Doc 37, Urologist,555-3206,Hospital 87,28.872837,76.69724,08:30,14:30
Doc 38, Infectious Disease Specialist,555-0506,Hospital 63,27.385348,77.133879,10:00,15:00
Doc 39, Dermatologist,555-2832,Hospital 67,27.171513,77.338566,10:00,13:30
Doc 40, Hepatologist,555-4791,Hospital 47,27.652406,76.814575,09:30,13:00
Doc 41, Nephrologist,555-3692,Hospital 97,27.789605,77.928932,08:30,16:00
Doc 42, Ophthalmologist,555-8746,Hospital 10,27.427646,76.532277,09:00,15:30
Doc 43, Rheumatologist,555-5929,Hospital 50,27.677893,77.261567,08:30,15:30
Doc 44, Cardiologist,555-7761,Hospital 37,27.065145,77.938441,11:00,13:00
Doc 45, Ophthalmologist,555-8315,Hospital 69,28.799843,77.455072,09:30,14:30
Doc 46, Cardiologist,555-3979,Hospital 57,28.528388,76.059994,08:30,13:30
Doc 47, Ophthalmologist,555-7660,Hospital 32,28.180174,76.947498,10:00,15:30
Doc 48, Hematologist,555-9395,Hospital 60,27.223851,76.280274,11:00,15:30
Doc 49, Vascular Surgeon,555-8538,Hospital 35,28.615733,76.677959,08:30,15:30
Doc 50, Otolaryngologist,555-0304,Hospital 91,28.798539,76.414072,11:30,15:00
Doc 51, Hematologist,555-4211,Hospital 22,27.224287,77.271131,11:30,16:30
Doc 52, Infectious Disease Specialist,555-6798,Hospital 39,28.887419,77.329242,08:00,16:30
Doc 53, Endocrinologist,555-9683,Hospital 91,28.798539,76.414072,08:30,14:00
Doc 54, Dermatologist,555-3010,Hospital 49,27.699109,77.414827,09:30,16:00
Doc 55, Infectious Disease Specialist     ,555-3197,Hospital 44,28.857275,77.949905,10:30,15:00
Doc 56, Cardiologist,555-5573,Hospital 90,27.368732,76.122187,08:00,15:30
Doc 57, Gastroenterologist,555-0913,Hospital 71,27.936053,77.827252,08:00,15:30
Doc 58, Cardiologist,555-6612,Hospital 1,27.980518,77.443988,09:00,16:30
Doc 59, Neurologist,555-5356,Hospital 91,28.798539,76.414072,10:00,15:00
Doc 60, General Practitioner (GP),555-2842,Hospital 57,28.528388,76.059994,08:00,15:00
Doc 61, Orthopedic Surgeon,555-1002,Hospital 90,27.368732,76.122187,10:30,13:00
Doc 62, Oncologist,555-5748,Hospital 30,28.82671,77.676573,08:00,16:00
Doc 63, Gastroenterologist,555-8010,Hospital 59,28.346389,77.415306,11:30,14:00
Doc 64, Child Psychiatrist,555-0793,Hospital 14,27.181245,77.269759,11:30,15:30
Doc 65, Dermatologist,555-7655,Hospital 86,28.753137,77.95177,10:00,16:00
Doc 66, Dermatologist,555-4546,Hospital 13,27.293025,77.550278,11:30,16:30
Doc 67, Infectious Disease Specialist,555-8726,Hospital 81,28.660973,77.099862,09:00,15:30
Doc 68, Infectious Disease Specialist,555-8961,Hospital 23,28.464761,76.510788,11:00,16:00
Doc 69, Endocrinologist,555-2138,Hospital 16,28.642563,76.852234,08:00,13:30
Doc 70, Rheumatologist,555-0776,Hospital 87,28.872837,76.69724,09:00,14:30
Doc 71, Neurologist,555-2314,Hospital 20,28.70893,77.038139,09:00,15:00
Doc 72, Infectious Disease Specialist,555-5227,Hospital 54,27.080134,76.569163,08:00,15:00
Doc 73, Pulmonologist,555-2064,Hospital 60,27.223851,76.280274,08:00,15:30
Doc 74, Endocrinologist,555-8875,Hospital 72,28.586966,76.844926,11:00,13:00
Doc 75, Hematologist,555-3388,Hospital 94,28.250891,77.768222,11:30,14:30
Doc 76, Allergist,555-2796,Hospital 79,27.522676,76.085613,09:30,13:30
Doc 77, Endocrinologist,555-9912,Hospital 46,27.914501,76.306693,11:30,16:00
Doc 78, Endocrinologist,555-1012,Hospital 23,28.464761,76.510788,09:00,16:30
Doc 79, Gynecologist,555-0351,Hospital 42,28.732786,77.181546,08:00,14:30
Doc 80, Cardiologist,555-5797,Hospital 66,27.049303,77.942344,09:30,13:30
Doc 81, General Surgeon,555-2893,Hospital 60,27.223851,76.280274,10:00,14:00
Doc 82, Endocrinologist,555-8024,Hospital 24,28.975087,77.450593,08:30,15:00
Doc 83, Vascular Surgeon,555-2755,Hospital 15,27.924998,77.924818,09:30,13:30
Doc 84, Endocrinologist,555-4594,Hospital 10,27.427646,76.532277,10:00,15:00
Doc 85, Nutritionist,555-5791,Hospital 17,27.638123,77.976738,08:30,14:30
Doc 86, Hematologist,555-1134,Hospital 47,27.652406,76.814575,10:30,15:30
Doc 87, Gastroenterologist,555-2529,Hospital 74,27.772615,77.668535,11:00,14:30
Doc 88, Psychiatrist,555-5898,Hospital 95,27.662315,77.570379,09:00,15:30
Doc 89, Endocrinologist,555-7133,Hospital 42,28.732786,77.181546,10:30,14:00
Doc 90, Dermatologist,555-7534,Hospital 18,27.097191,77.579119,11:00,14:30
Doc 91, Pulmonologist,555-9050,Hospital 98,28.204515,77.346865,11:30,13:00
Doc 92, Gastroenterologist,555-2874,Hospital 18,27.097191,77.579119,11:00,16:00
Doc 93, Gastroenterologist,555-1959,Hospital 95,27.662315,77.570379,11:00,16:00
Doc 94, Gastroenterologist,555-1520,Hospital 6,27.210323,76.713594,09:00,14:00
Doc 95, Pulmonologist,555-3451,Hospital 54,27.080134,76.569163,11:00,16:00
Doc 96, Dermatologist,555-2093,Hospital 57,28.528388,76.059994,10:00,15:00
Doc 97, Cardiologist,555-8605,Hospital 27,28.26842,76.471892,09:30,16:30
Doc 98, Gynecologic Oncologist,555-1685,Hospital 37,27.065145,77.938441,11:00,15:00
Doc 99, General Surgeon,555-8851,Hospital 95,27.662315,77.570379,11:30,15:00
Doc 100, Cardiologist,555-7216,Hospital 51,28.270851,77.874127,10:30,14:00
Doc 101, Pediatrician,555-0561,Hospital 92,27.546642,77.006422,10:30,15:00
Doc 102, Gastroenterologist,555-7450,Hospital 41,27.709855,77.977978,11:00,16:00
Doc 103, Hepatologist,555-7758,Hospital 77,27.69601,76.658405,09:30,14:30
Doc 104, Neurologist,555-3995,Hospital 47,27.652406,76.814575,09:30,15:30
Doc 105, Pulmonologist,555-3539,Hospital 8,28.340517,77.02596,11:30,15:30
Doc 106, Neurologist,555-6179,Hospital 4,27.160783,77.762254,11:30,15:00
Doc 107, Otolaryngologist,555-3008,Hospital 32,28.180174,76.947498,10:00,13:30
Doc 108, Endocrinologist,555-6928,Hospital 74,27.772615,77.668535,10:30,13:30
Doc 109, Neurologist,555-1816,Hospital 53,27.766363,77.501838,11:00,15:30
Doc 110, Dermatologist,555-8895,Hospital 87,28.872837,76.69724,08:00,14:30
Doc 111, Dermatologist,555-2073,Hospital 58,27.644043,76.214646,10:30,16:00
Doc 112, Hematologist,555-0742,Hospital 70,28.913278,77.426228,10:00,13:00
Doc 113, Hematologist,555-7353,Hospital 59,28.346389,77.415306,08:00,16:30
Doc 114, Rheumatologist,555-7870,Hospital 12,27.363014,77.745222,11:30,13:00
Doc 115, Rheumatologist,555-9660,Hospital 80,27.836535,76.437371,08:00,13:00
Doc 116, Vascular Surgeon,555-3479,Hospital 80,27.836535,76.437371,11:00,14:00
Doc 117, Pediatrician,555-8891,Hospital 37,27.065145,77.938441,10:30,15:00
Doc 118, Ophthalmologist,555-9325,Hospital 53,27.766363,77.501838,11:30,16:30
Doc 119, Cardiologist,555-3855,Hospital 61,28.244525,76.726584,10:00,14:00
Doc 120, Infectious Disease Specialist     ,555-1903,Hospital 71,27.936053,77.827252,09:00,13:00
Doc 121, Sleep Specialist,555-8317,Hospital 2,28.103695,76.565067,09:30,14:00
Doc 122, Otolaryngologist,555-6037,Hospital 53,27.766363,77.501838,08:00,14:00
Doc 123, Hematologist,555-2857,Hospital 45,27.408969,77.09864,08:30,13:30
Doc 124, Infectious Disease Specialist,555-6952,Hospital 10,27.427646,76.532277,09:00,13:30
Doc 125, Nephrologist,555-3358,Hospital 66,27.049303,77.942344,10:00,15:00
Doc 126, Endocrinologist,555-7279,Hospital 77,27.69601,76.658405,11:30,13:00
Doc 127, Pulmonologist,555-6124,Hospital 10,27.427646,76.532277,10:00,15:30
Doc 128, Dermatologist,555-8654,Hospital 71,27.936053,77.827252,11:30,13:30
Doc 129, Rheumatologist,555-8641,Hospital 91,28.798539,76.414072,09:00,13:00
Doc 130, Sleep Specialist,555-5673,Hospital 29,27.37175,76.308027,11:30,14:30
Doc 131, Ophthalmologist,555-5544,Hospital 23,28.464761,76.510788,11:30,15:00
Doc 132, Psychiatrist,555-0828,Hospital 3,27.659348,77.516894,10:30,15:30
Doc 133, Pediatrician,555-7801,Hospital 72,28.586966,76.844926,11:30,13:00
Doc 134, Neurologist,555-2647,Hospital 42,28.732786,77.181546,08:30,13:30
Doc 135, Gastroenterologist,555-4762,Hospital 10,27.427646,76.532277,11:30,14:00
Doc 136, Rheumatologist,555-1595,Hospital 51,28.270851,77.874127,09:30,16:00
Doc 137, Rheumatologist,555-0424,Hospital 55,27.716886,76.071587,10:00,13:00
Doc 138, Oncologist,555-3291,Hospital 17,27.638123,77.976738,10:00,14:30
Doc 139, Gynecologist,555-7171,Hospital 42,28.732786,77.181546,08:00,13:30
Doc 140, Gynecologist,555-4395,Hospital 82,27.334641,76.523613,09:00,13:00
Doc 141, Pediatrician,555-3564,Hospital 53,27.766363,77.501838,09:30,13:30
Doc 142, Hematologist,555-8628,Hospital 91,28.798539,76.414072,10:00,16:00
Doc 143, Gastroenterologist,555-0188,Hospital 65,27.649354,77.176551,09:30,15:00
Doc 144, Urologist,555-8664,Hospital 23,28.464761,76.510788,09:00,16:00
Doc 145, Vascular Surgeon,555-2564,Hospital 30,28.82671,77.676573,10:30,16:00
Doc 146, Urologist,555-7076,Hospital 30,28.82671,77.676573,09:30,14:00
Doc 147, Infectious Disease Specialist,555-9452,Hospital 89,28.090037,77.089013,09:00,15:30
Doc 148, Cardiologist,555-7258,Hospital 40,28.489172,77.194025,10:00,14:30
Doc 149, Hepatologist,555-6448,Hospital 51,28.270851,77.874127,11:00,15:30
Doc 150, Otolaryngologist,555-3409,Hospital 59,28.346389,77.415306,08:30,15:00
Doc 151, Nephrologist,555-6341,Hospital 18,27.097191,77.579119,11:30,14:00
Doc 152, Child Psychiatrist,555-6309,Hospital 57,28.528388,76.059994,08:30,16:00
Doc 153, Neurologist,555-2887,Hospital 41,27.709855,77.977978,10:00,13:30
Doc 154, Cardiologist,555-8477,Hospital 10,27.427646,76.532277,08:00,14:00
Doc 155, Endocrinologist,555-1595,Hospital 8,28.340517,77.02596,10:30,16:00
Doc 156, Gastroenterologist,555-3410,Hospital 30,28.82671,77.676573,11:30,13:00
Doc 157, Cardiologist,555-6830,Hospital 94,28.250891,77.768222,11:30,16:00
Doc 158, Otolaryngologist,555-4263,Hospital 12,27.363014,77.745222,09:00,13:30
Doc 159, General Practitioner (GP),555-3739,Hospital 97,27.789605,77.928932,08:00,16:00
Doc 160, Infectious Disease Specialist,555-4391,Hospital 80,27.836535,76.437371,11:00,16:30
Doc 161, Gastroenterologist,555-2166,Hospital 45,27.408969,77.09864,08:30,14:30
Doc 162, Pulmonologist,555-0492,Hospital 77,27.69601,76.658405,09:00,15:30
Doc 163, Neurologist,555-4664,Hospital 50,27.677893,77.261567,08:00,13:00
Doc 164, General Practitioner (GP),555-2975,Hospital 3,27.659348,77.516894,10:00,15:30
Doc 165, Endocrinologist,555-0540,Hospital 66,27.049303,77.942344,08:30,13:30
Doc 166, Endocrinologist,555-0449,Hospital 23,28.464761,76.510788,09:30,13:30
Doc 167, Pediatrician,555-0102,Hospital 81,28.660973,77.099862,10:00,15:30
Doc 168, Endocrinologist,555-7200,Hospital 66,27.049303,77.942344,11:00,14:30
Doc 169, Gynecologic Oncologist,555-7829,Hospital 87,28.872837,76.69724,10:00,13:30
Doc 170, General Surgeon,555-0156,Hospital 57,28.528388,76.059994,09:30,15:00
Doc 171, General Practitioner (GP),555-2150,Hospital 90,27.368732,76.122187,11:30,16:00
Doc 172, Neurologist,555-3631,Hospital 75,28.64187,76.721297,11:00,13:30
Doc 173, Infectious Disease Specialist,555-3402,Hospital 51,28.270851,77.874127,11:00,15:30
Doc 174, Endocrinologist,555-6199,Hospital 12,27.363014,77.745222,08:00,15:30
Doc 175, General Surgeon,555-3411,Hospital 34,28.427935,76.712054,10:30,16:30
Doc 176, Gynecologic Oncologist,555-3025,Hospital 6,27.210323,76.713594,10:00,13:30
Doc 177, Psychiatrist,555-8404,Hospital 77,27.69601,76.658405,10:30,13:00
Doc 178, Sleep Specialist,555-9063,Hospital 97,27.789605,77.928932,08:00,15:00
Doc 179, Orthopedic Surgeon,555-2003,Hospital 99,28.482071,77.894532,08:30,15:30
Doc 180, General Surgeon,555-4537,Hospital 98,28.204515,77.346865,10:30,13:30
Doc 181, Endocrinologist,555-6199,Hospital 75,28.64187,76.721297,08:00,15:00
Doc 182, Nutritionist,555-0639,Hospital 27,28.26842,76.471892,11:30,13:00
Doc 183, Oncologist,555-4255,Hospital 54,27.080134,76.569163,09:30,15:00
Doc 184, General Practitioner (GP),555-8449,Hospital 81,28.660973,77.099862,08:00,14:00
Doc 185, General Surgeon,555-4265,Hospital 70,28.913278,77.426228,08:30,15:30
Doc 186, Endocrinologist,555-8083,Hospital 81,28.660973,77.099862,09:30,14:30
Doc 187, Gynecologist,555-5225,Hospital 37,27.065145,77.938441,10:30,13:30
Doc 188, Ophthalmologist,555-6009,Hospital 86,28.753137,77.95177,09:00,16:30
Doc 189, Endocrinologist,555-2152,Hospital 8,28.340517,77.02596,08:00,16:30
Doc 190, Pulmonologist,555-5149,Hospital 54,27.080134,76.569163,09:30,15:00
Doc 191, Allergist,555-6235,Hospital 45,27.408969,77.09864,08:00,13:00
Doc 192, General Practitioner (GP),555-6126,Hospital 54,27.080134,76.569163,09:30,15:00
Doc 193, General Practitioner (GP),555-6029,Hospital 3,27.659348,77.516894,10:00,14:00
Doc 194, General Practitioner (GP),555-9190,Hospital 95,27.662315,77.570379,08:00,15:00
Doc 195, Hematologist,555-6125,Hospital 27,28.26842,76.471892,08:30,16:00
Doc 196, Endocrinologist,555-9570,Hospital 72,28.586966,76.844926,11:30,14:30
Doc 197, Otolaryngologist,555-5333,Hospital 12,27.363014,77.745222,09:30,13:00
Doc 198, Infectious Disease Specialist,555-3990,Hospital 63,27.385348,77.133879,09:30,15:00
Doc 199, Dermatologist,555-7529,Hospital 93,27.217043,76.577941,11:00,14:00
Doc 200, Cardiologist,555-3624,Hospital 30,28.82671,77.676573,10:00,13:00
Doc 201, Cardiologist,555-3394,Hospital 95,27.662315,77.570379,11:30,13:00
Doc 202, Urologist,555-1447,Hospital 83,27.01972,77.242034,10:30,16:00
Doc 203, Dermatologist,555-2826,Hospital 23,28.464761,76.510788,09:00,16:30
Doc 204, Dermatologist,555-3309,Hospital 86,28.753137,77.95177,09:30,15:30
Doc 205, General Surgeon,555-9341,Hospital 92,27.546642,77.006422,08:00,14:00
Doc 206, Infectious Disease Specialist,555-9681,Hospital 41,27.709855,77.977978,11:00,16:00
Doc 207, Orthopedic Surgeon,555-5192,Hospital 14,27.181245,77.269759,10:00,14:00
Doc 208, Gastroenterologist,555-7514,Hospital 79,27.522676,76.085613,09:00,13:30
Doc 209, Oncologist,555-8742,Hospital 32,28.180174,76.947498,08:30,16:00
Doc 210, Urologist,555-6912,Hospital 42,28.732786,77.181546,08:00,13:00
Doc 211, Hepatologist,555-7861,Hospital 96,27.455941,77.232603,08:00,16:00
Doc 212, Pediatrician,555-4420,Hospital 20,28.70893,77.038139,11:00,16:30
Doc 213, General Practitioner (GP),555-8452,Hospital 68,28.349051,76.068385,08:00,14:00
Doc 214, General Surgeon,555-3116,Hospital 13,27.293025,77.550278,10:00,15:30
Doc 215, Ophthalmologist,555-2461,Hospital 79,27.522676,76.085613,08:30,15:00
Doc 216, Cardiologist,555-9478,Hospital 83,27.01972,77.242034,11:00,13:30
Doc 217, Neurologist,555-1048,Hospital 79,27.522676,76.085613,11:30,15:30
Doc 218, General Practitioner (GP),555-1131,Hospital 47,27.652406,76.814575,08:00,13:00
Doc 219, Infectious Disease Specialist,555-3692,Hospital 70,28.913278,77.426228,11:00,16:30
Doc 220, Hematologist,555-3502,Hospital 78,28.532011,76.619887,08:30,14:00
Doc 221, Gastroenterologist,555-3206,Hospital 12,27.363014,77.745222,10:30,16:00
Doc 222, Infectious Disease Specialist,555-3359,Hospital 32,28.180174,76.947498,10:30,13:00
Doc 223, Dermatologist,555-4508,Hospital 37,27.065145,77.938441,09:30,13:00
Doc 224, Ophthalmologist,555-5590,Hospital 20,28.70893,77.038139,09:00,14:30
Doc 225, Urologist,555-0747,Hospital 92,27.546642,77.006422,09:00,14:30
Doc 226, Endocrinologist,555-0836,Hospital 40,28.489172,77.194025,11:00,14:30
Doc 227, Ophthalmologist,555-8167,Hospital 78,28.532011,76.619887,08:30,16:30
Doc 228, Otolaryngologist,555-2767,Hospital 97,27.789605,77.928932,08:00,14:00
Doc 229, General Practitioner (GP),555-4334,Hospital 63,27.385348,77.133879,11:00,13:00
Doc 230, Pulmonologist,555-1699,Hospital 25,28.745946,76.146828,10:30,15:00
Doc 231, Neurologist,555-2379,Hospital 30,28.82671,77.676573,09:30,15:30
Doc 232, Neurologist,555-4811,Hospital 86,28.753137,77.95177,10:00,16:00
Doc 233, Dermatologist,555-2652,Hospital 94,28.250891,77.768222,10:00,14:30
Doc 234, Nutritionist,555-8478,Hospital 84,27.287959,77.242769,08:00,16:00
Doc 235, Hematologist,555-0955,Hospital 24,28.975087,77.450593,11:30,13:00
Doc 236, Gastroenterologist,555-0920,Hospital 10,27.427646,76.532277,10:00,14:30
Doc 237, Allergist,555-7352,Hospital 75,28.64187,76.721297,08:00,16:30
Doc 238, Gastroenterologist,555-5076,Hospital 13,27.293025,77.550278,09:00,16:30
Doc 239, Endocrinologist,555-6781,Hospital 4,27.160783,77.762254,08:00,16:00
Doc 240, Neurologist,555-1670,Hospital 37,27.065145,77.938441,11:30,16:00
Doc 241, General Surgeon,555-8813,Hospital 76,28.849224,76.179744,08:00,16:30
Doc 242, Dermatologist,555-8208,Hospital 65,27.649354,77.176551,11:00,15:30
Doc 243, Endocrinologist,555-1672,Hospital 30,28.82671,77.676573,11:30,14:30
Doc 244, General Practitioner (GP),555-5323,Hospital 84,27.287959,77.242769,11:00,14:00
Doc 245, Neurologist,555-2000,Hospital 73,27.37064,76.696934,08:30,13:30
Doc 246, General Surgeon,555-3570,Hospital 89,28.090037,77.089013,11:00,15:00
Doc 247, Gynecologist,555-7582,Hospital 11,28.486233,76.079787,09:30,16:30
Doc 248, Endocrinologist,555-1847,Hospital 59,28.346389,77.415306,09:30,13:30
Doc 249, Hepatologist,555-8226,Hospital 74,27.772615,77.668535,11:30,16:00
Doc 250, Sleep Specialist,555-7883,Hospital 91,28.798539,76.414072,10:00,13:30
Doc 251, Neurologist,555-1547,Hospital 45,27.408969,77.09864,08:30,16:30
Doc 252, Infectious Disease Specialist     ,555-4369,Hospital 2,28.103695,76.565067,11:00,16:30
Doc 253, Pulmonologist,555-3167,Hospital 10,27.427646,76.532277,10:00,16:30
Doc 254, Hematologist,555-9432,Hospital 37,27.065145,77.938441,11:00,15:00
Doc 255, Child Psychiatrist,555-0554,Hospital 99,28.482071,77.894532,09:30,15:30
Doc 256, Psychiatrist,555-9540,Hospital 53,27.766363,77.501838,09:00,14:00
Doc 257, Endocrinologist,555-8991,Hospital 73,27.37064,76.696934,11:30,15:30
Doc 258, Infectious Disease Specialist,555-2534,Hospital 93,27.217043,76.577941,09:00,16:30
Doc 259, Infectious Disease Specialist,555-5964,Hospital 37,27.065145,77.938441,11:00,15:30
Doc 260, Gastroenterologist,555-8560,Hospital 42,28.732786,77.181546,11:30,15:30
Doc 261, Cardiologist,555-5422,Hospital 28,27.194579,77.842213,11:00,16:00
Doc 262, Infectious Disease Specialist,555-7189,Hospital 90,27.368732,76.122187,10:00,13:30
Doc 263, General Surgeon,555-2409,Hospital 87,28.872837,76.69724,10:00,14:30
Doc 264, Cardiologist,555-0953,Hospital 94,28.250891,77.768222,09:00,16:00
Doc 265, Dermatologist,555-1836,Hospital 12,27.363014,77.745222,08:30,16:30
Doc 266, Rheumatologist,555-6074,Hospital 42,28.732786,77.181546,10:30,13:30
Doc 267, Infectious Disease Specialist,555-4910,Hospital 4,27.160783,77.762254,09:30,13:30
Doc 268, General Practitioner (GP),555-2863,Hospital 59,28.346389,77.415306,11:00,14:00
Doc 269, Cardiologist,555-8378,Hospital 58,27.644043,76.214646,09:00,14:30
Doc 270, Gastroenterologist,555-4552,Hospital 72,28.586966,76.844926,11:00,15:00
Doc 271, Sleep Specialist,555-2068,Hospital 15,27.924998,77.924818,09:30,13:00
Doc 272, Pediatrician,555-0865,Hospital 91,28.798539,76.414072,08:00,13:00
Doc 273, Rheumatologist,555-7673,Hospital 90,27.368732,76.122187,08:00,14:30
Doc 274, General Surgeon,555-0582,Hospital 47,27.652406,76.814575,11:00,13:00
Doc 275, Dermatologist,555-1326,Hospital 8,28.340517,77.02596,10:00,13:30
Doc 276, Dermatologist,555-7114,Hospital 65,27.649354,77.176551,10:30,14:00
Doc 277, Neurologist,555-2127,Hospital 14,27.181245,77.269759,10:30,14:00
Doc 278, Ophthalmologist,555-8993,Hospital 26,27.373225,78.004123,10:00,16:00
Doc 279, Pulmonologist,555-4045,Hospital 7,28.142212,77.646294,10:00,16:30
Doc 280, Vascular Surgeon,555-5250,Hospital 37,27.065145,77.938441,09:00,14:30
Doc 281, Pulmonologist,555-1621,Hospital 59,28.346389,77.415306,09:00,16:30
Doc 282, Ophthalmologist,555-6459,Hospital 51,28.270851,77.874127,11:00,16:30
Doc 283, Pulmonologist,555-3399,Hospital 88,27.005066,77.991455,11:30,16:30
Doc 284, Sleep Specialist,555-6249,Hospital 37,27.065145,77.938441,09:00,13:00
Doc 285, Infectious Disease Specialist,555-6084,Hospital 90,27.368732,76.122187,09:00,16:00
Doc 286, Hematologist,555-3429,Hospital 21,27.217481,76.905128,09:00,16:00
Doc 287, Neurologist,555-1455,Hospital 90,27.368732,76.122187,09:30,15:00
Doc 288, Hematologist,555-9453,Hospital 80,27.836535,76.437371,09:30,13:00
Doc 289, Dermatologist,555-2648,Hospital 20,28.70893,77.038139,08:00,13:00
Doc 290, General Practitioner (GP),555-2293,Hospital 92,27.546642,77.006422,08:00,15:30
Doc 291, Hepatologist,555-5104,Hospital 57,28.528388,76.059994,08:00,13:30
Doc 292, Gastroenterologist,555-8305,Hospital 20,28.70893,77.038139,11:30,15:00
Doc 293, Endocrinologist,555-4057,Hospital 92,27.546642,77.006422,08:30,15:00
Doc 294, Rheumatologist,555-6883,Hospital 91,28.798539,76.414072,09:00,16:00
Doc 295, Gastroenterologist,555-1391,Hospital 24,28.975087,77.450593,10:30,13:00
Doc 296, Hematologist,555-1229,Hospital 63,27.385348,77.133879,08:30,13:30
Doc 297, Vascular Surgeon,555-3267,Hospital 75,28.64187,76.721297,10:30,14:00
Doc 298, Ophthalmologist,555-7922,Hospital 6,27.210323,76.713594,11:00,15:00
Doc 299, Urologist,555-6021,Hospital 73,27.37064,76.696934,08:00,13:00
Doc 300, Infectious Disease Specialist,555-2332,Hospital 2,28.103695,76.565067,09:00,16:30
Doc 301, Urologist,555-0216,Hospital 20,28.70893,77.038139,09:00,16:30
Doc 302, Infectious Disease Specialist,555-8121,Hospital 76,28.849224,76.179744,11:00,15:00
Doc 303, Gastroenterologist,555-0321,Hospital 46,27.914501,76.306693,08:30,14:30
Doc 304, Pediatrician,555-4725,Hospital 80,27.836535,76.437371,10:00,15:00
Doc 305, Pulmonologist,555-3868,Hospital 1,27.980518,77.443988,09:00,15:30
Doc 306, Pediatrician,555-6575,Hospital 32,28.180174,76.947498,11:30,15:00
Doc 307, Pulmonologist,555-2128,Hospital 49,27.699109,77.414827,10:00,13:00
Doc 308, General Practitioner (GP),555-2580,Hospital 60,27.223851,76.280274,08:00,16:30
Doc 309, Dermatologist,555-6761,Hospital 49,27.699109,77.414827,08:00,14:00
Doc 310, Hematologist,555-5978,Hospital 48,28.718172,77.133657,08:00,14:30
Doc 311, Endocrinologist,555-6879,Hospital 90,27.368732,76.122187,10:00,13:00
Doc 312, Endocrinologist,555-5297,Hospital 44,28.857275,77.949905,11:00,14:00
Doc 313, Gynecologist,555-0354,Hospital 92,27.546642,77.006422,08:00,13:00
Doc 314, Infectious Disease Specialist,555-9368,Hospital 24,28.975087,77.450593,09:30,15:00
Doc 315, Allergist,555-6068,Hospital 29,27.37175,76.308027,09:30,13:30
Doc 316, Rheumatologist,555-1421,Hospital 84,27.287959,77.242769,10:00,16:30
Doc 317, Infectious Disease Specialist,555-4909,Hospital 41,27.709855,77.977978,08:30,16:30
Doc 318, Neurologist,555-3874,Hospital 33,28.517824,77.623547,09:00,15:30
Doc 319, Sleep Specialist,555-9820,Hospital 18,27.097191,77.579119,09:30,16:00
Doc 320, Endocrinologist,555-8052,Hospital 34,28.427935,76.712054,11:30,16:00
Doc 321, Infectious Disease Specialist,555-9876,Hospital 79,27.522676,76.085613,11:30,14:30
Doc 322, Endocrinologist,555-1219,Hospital 45,27.408969,77.09864,11:30,16:30
Doc 323, Ophthalmologist,555-1273,Hospital 73,27.37064,76.696934,10:30,16:00
Doc 324, Pulmonologist,555-0680,Hospital 95,27.662315,77.570379,09:00,13:30
Doc 325, Dermatologist,555-1868,Hospital 34,28.427935,76.712054,10:30,14:00
Doc 326, Infectious Disease Specialist,555-4198,Hospital 83,27.01972,77.242034,10:00,14:30
Doc 327, Cardiologist,555-3529,Hospital 72,28.586966,76.844926,08:30,16:30
Doc 328, Vascular Surgeon,555-9802,Hospital 81,28.660973,77.099862,10:00,16:30
Doc 329, Cardiologist,555-5714,Hospital 14,27.181245,77.269759,09:30,14:30
Doc 330, Endocrinologist,555-9952,Hospital 83,27.01972,77.242034,08:30,15:30
Doc 331, Psychiatrist,555-2547,Hospital 30,28.82671,77.676573,08:00,14:30
Doc 332, Oncologist,555-4613,Hospital 72,28.586966,76.844926,09:30,14:00
Doc 333, General Practitioner (GP),555-0496,Hospital 96,27.455941,77.232603,09:00,16:00
Doc 334, Vascular Surgeon,555-9949,Hospital 1,27.980518,77.443988,11:30,14:00
Doc 335, Nephrologist,555-4008,Hospital 97,27.789605,77.928932,11:00,16:00
Doc 336, Cardiologist,555-3588,Hospital 15,27.924998,77.924818,09:00,16:00
Doc 337, Neurologist,555-0910,Hospital 29,27.37175,76.308027,11:30,14:30
Doc 338, Hematologist,555-6475,Hospital 34,28.427935,76.712054,09:00,13:30
Doc 339, Ophthalmologist,555-4212,Hospital 76,28.849224,76.179744,10:30,14:00
Doc 340, Endocrinologist,555-4330,Hospital 41,27.709855,77.977978,10:30,13:30
Doc 341, Dermatologist,555-8443,Hospital 39,28.887419,77.329242,11:30,13:00
Doc 342, Gynecologist,555-4704,Hospital 91,28.798539,76.414072,09:00,15:30
Doc 343, Pulmonologist,555-3426,Hospital 85,28.746515,76.020589,08:00,16:00
Doc 344, General Surgeon,555-5474,Hospital 44,28.857275,77.949905,10:00,16:00
Doc 345, Pulmonologist,555-6748,Hospital 22,27.224287,77.271131,08:30,15:00
Doc 346, Vascular Surgeon,555-2482,Hospital 71,27.936053,77.827252,08:00,13:00
Doc 347, Orthopedic Surgeon,555-5731,Hospital 38,28.456598,77.404925,09:00,16:30
Doc 348, Pulmonologist,555-4295,Hospital 75,28.64187,76.721297,10:30,14:00
Doc 349, Infectious Disease Specialist     ,555-7423,Hospital 94,28.250891,77.768222,09:00,16:00
Doc 350, Psychiatrist,555-9588,Hospital 25,28.745946,76.146828,08:00,14:00
Doc 351, Endocrinologist,555-6020,Hospital 27,28.26842,76.471892,08:00,13:30
Doc 352, Pediatrician,555-1912,Hospital 99,28.482071,77.894532,08:00,13:30
Doc 353, Child Psychiatrist,555-5398,Hospital 21,27.217481,76.905128,08:00,13:30
Doc 354, Otolaryngologist,555-5560,Hospital 12,27.363014,77.745222,09:00,15:30
Doc 355, Urologist,555-7497,Hospital 18,27.097191,77.579119,10:00,16:00
Doc 356, Pulmonologist,555-8362,Hospital 60,27.223851,76.280274,09:00,16:30
Doc 357, Pulmonologist,555-8529,Hospital 79,27.522676,76.085613,11:30,13:00
Doc 358, Child Psychiatrist,555-7354,Hospital 6,27.210323,76.713594,10:30,16:30
Doc 359, Gynecologist,555-8126,Hospital 3,27.659348,77.516894,09:00,16:00
Doc 360, Pulmonologist,555-6172,Hospital 59,28.346389,77.415306,11:30,16:30
Doc 361, Endocrinologist,555-7190,Hospital 32,28.180174,76.947498,09:30,15:30
Doc 362, General Practitioner (GP),555-5553,Hospital 80,27.836535,76.437371,10:30,13:30
Doc 363, General Practitioner (GP),555-7225,Hospital 94,28.250891,77.768222,09:00,16:30
Doc 364, Neurologist,555-6149,Hospital 65,27.649354,77.176551,10:30,15:00
Doc 365, Ophthalmologist,555-2012,Hospital 93,27.217043,76.577941,11:00,15:30
Doc 366, Endocrinologist,555-2266,Hospital 60,27.223851,76.280274,08:30,13:30
Doc 367, Endocrinologist,555-0348,Hospital 50,27.677893,77.261567,10:30,15:30
Doc 368, Infectious Disease Specialist,555-8760,Hospital 65,27.649354,77.176551,08:30,13:00
Doc 369, Gynecologic Oncologist,555-5754,Hospital 78,28.532011,76.619887,08:00,13:00
Doc 370, Infectious Disease Specialist     ,555-6367,Hospital 46,27.914501,76.306693,09:00,13:00
Doc 371, Rheumatologist,555-0565,Hospital 37,27.065145,77.938441,10:00,16:00
Doc 372, Gynecologist,555-6251,Hospital 22,27.224287,77.271131,10:00,16:30
Doc 373, Cardiologist,555-8188,Hospital 97,27.789605,77.928932,11:00,14:00
Doc 374, Hematologist,555-9403,Hospital 19,28.545434,77.8456,08:30,13:00
Doc 375, Pulmonologist,555-7543,Hospital 59,28.346389,77.415306,08:00,16:30
Doc 376, Nephrologist,555-6963,Hospital 89,28.090037,77.089013,11:00,13:00
Doc 377, Neurologist,555-2574,Hospital 18,27.097191,77.579119,10:30,13:00
Doc 378, Child Psychiatrist,555-1801,Hospital 44,28.857275,77.949905,09:00,15:30
Doc 379, Otolaryngologist,555-2097,Hospital 51,28.270851,77.874127,09:30,16:00
Doc 380, Endocrinologist,555-8016,Hospital 21,27.217481,76.905128,09:30,16:30
Doc 381, Hepatologist,555-1819,Hospital 34,28.427935,76.712054,11:00,13:30
Doc 382, Psychiatrist,555-6649,Hospital 98,28.204515,77.346865,09:30,14:30
Doc 383, Gastroenterologist,555-3920,Hospital 40,28.489172,77.194025,08:30,16:00
Doc 384, Dermatologist,555-1353,Hospital 13,27.293025,77.550278,11:00,13:00
Doc 385, Gastroenterologist,555-6658,Hospital 90,27.368732,76.122187,10:00,16:30
Doc 386, Infectious Disease Specialist,555-6878,Hospital 30,28.82671,77.676573,11:00,14:00
Doc 387, Oncologist,555-3648,Hospital 82,27.334641,76.523613,11:30,16:30
Doc 388, Hepatologist,555-7237,Hospital 46,27.914501,76.306693,10:00,14:30
Doc 389, Orthopedic Surgeon,555-1473,Hospital 29,27.37175,76.308027,08:30,13:00
Doc 390, Cardiologist,555-6481,Hospital 58,27.644043,76.214646,10:00,16:30
Doc 391, Hematologist,555-3580,Hospital 4,27.160783,77.762254,09:00,15:00
Doc 392, Endocrinologist,555-4834,Hospital 35,28.615733,76.677959,08:00,14:00
Doc 393, Dermatologist,555-9212,Hospital 24,28.975087,77.450593,08:00,14:00
Doc 394, Hematologist,555-8077,Hospital 39,28.887419,77.329242,11:00,14:00
Doc 395, General Practitioner (GP),555-9325,Hospital 22,27.224287,77.271131,09:30,15:00
Doc 396, Hematologist,555-9152,Hospital 65,27.649354,77.176551,08:30,14:00
Doc 397, General Surgeon,555-0127,Hospital 71,27.936053,77.827252,09:00,16:30
Doc 398, Cardiologist,555-6096,Hospital 94,28.250891,77.768222,09:30,16:30
Doc 399, Gastroenterologist,555-4843,Hospital 77,27.69601,76.658405,09:00,15:00
Doc 400, Gastroenterologist,555-8551,Hospital 29,27.37175,76.308027,08:00,16:00
Doc 401, Rheumatologist,555-0048,Hospital 86,28.753137,77.95177,11:30,14:30
Doc 402, Allergist,555-2697,Hospital 60,27.223851,76.280274,08:00,15:30
Doc 403, Endocrinologist,555-9073,Hospital 90,27.368732,76.122187,09:00,14:00
Doc 404, Endocrinologist,555-0233,Hospital 25,28.745946,76.146828,11:30,13:30
Doc 405, Nephrologist,555-7727,Hospital 14,27.181245,77.269759,10:00,13:30
Doc 406, Dermatologist,555-6939,Hospital 97,27.789605,77.928932,11:00,16:30
Doc 407, Nutritionist,555-3872,Hospital 79,27.522676,76.085613,11:00,15:00
Doc 408, Endocrinologist,555-9184,Hospital 82,27.334641,76.523613,11:30,16:30
Doc 409, Infectious Disease Specialist     ,555-4924,Hospital 30,28.82671,77.676573,08:00,14:30
Doc 410, Ophthalmologist,555-0760,Hospital 92,27.546642,77.006422,11:00,16:30
Doc 411, Nutritionist,555-6043,Hospital 75,28.64187,76.721297,08:30,15:00
Doc 412, Cardiologist,555-8432,Hospital 65,27.649354,77.176551,10:00,16:30
Doc 413, Pulmonologist,555-2028,Hospital 83,27.01972,77.242034,08:00,14:00
Doc 414, Infectious Disease Specialist,555-5486,Hospital 94,28.250891,77.768222,08:30,16:30
Doc 415, Gynecologic Oncologist,555-1124,Hospital 94,28.250891,77.768222,09:30,14:00
Doc 416, Infectious Disease Specialist     ,555-5644,Hospital 72,28.586966,76.844926,08:00,15:30
Doc 417, Ophthalmologist,555-8943,Hospital 41,27.709855,77.977978,09:30,15:00
Doc 418, Dermatologist,555-7117,Hospital 77,27.69601,76.658405,08:00,15:30
Doc 419, Nutritionist,555-2182,Hospital 34,28.427935,76.712054,08:30,16:30
Doc 420, Neurologist,555-8654,Hospital 25,28.745946,76.146828,10:30,15:30
Doc 421, Neurologist,555-1908,Hospital 60,27.223851,76.280274,08:30,13:00
Doc 422, Infectious Disease Specialist     ,555-3966,Hospital 37,27.065145,77.938441,09:30,14:00
Doc 423, General Practitioner (GP),555-6334,Hospital 96,27.455941,77.232603,11:30,14:00
Doc 424, General Surgeon,555-3829,Hospital 26,27.373225,78.004123,09:30,14:00
Doc 425, Allergist,555-8289,Hospital 31,27.603772,76.703527,08:00,15:30
Doc 426, Ophthalmologist,555-9348,Hospital 51,28.270851,77.874127,11:30,16:00
Doc 427, Gastroenterologist,555-4252,Hospital 66,27.049303,77.942344,08:00,13:30
Doc 428, Otolaryngologist,555-0416,Hospital 75,28.64187,76.721297,10:30,14:30
Doc 429, Nephrologist,555-8216,Hospital 19,28.545434,77.8456,08:00,16:00
Doc 430, Ophthalmologist,555-1597,Hospital 90,27.368732,76.122187,11:30,16:30
Doc 431, Pulmonologist,555-4091,Hospital 91,28.798539,76.414072,11:30,15:30
Doc 432, Pulmonologist,555-3850,Hospital 40,28.489172,77.194025,11:30,13:30
Doc 433, Child Psychiatrist,555-0256,Hospital 49,27.699109,77.414827,10:30,13:30
Doc 434, Urologist,555-3266,Hospital 38,28.456598,77.404925,08:30,13:30
Doc 435, Dermatologist,555-8082,Hospital 87,28.872837,76.69724,11:00,16:30
Doc 436, Hepatologist,555-2840,Hospital 23,28.464761,76.510788,11:00,15:30
Doc 437, Sleep Specialist,555-9623,Hospital 39,28.887419,77.329242,11:00,15:30
Doc 438, Child Psychiatrist,555-0565,Hospital 42,28.732786,77.181546,09:30,16:30
Doc 439, Gastroenterologist,555-4420,Hospital 86,28.753137,77.95177,10:00,14:00
Doc 440, Gastroenterologist,555-8617,Hospital 9,28.214988,77.328288,08:30,13:00
Doc 441, Ophthalmologist,555-5656,Hospital 38,28.456598,77.404925,09:30,14:30
Doc 442, Cardiologist,555-1545,Hospital 45,27.408969,77.09864,09:30,14:30
Doc 443, Urologist,555-3548,Hospital 47,27.652406,76.814575,08:00,16:00
Doc 444, Hematologist,555-1367,Hospital 65,27.649354,77.176551,08:00,14:30
Doc 445, Rheumatologist,555-7662,Hospital 79,27.522676,76.085613,11:00,16:00
Doc 446, Sleep Specialist,555-7957,Hospital 1,27.980518,77.443988,11:30,14:00
Doc 447, Pulmonologist,555-7258,Hospital 15,27.924998,77.924818,09:00,13:00
Doc 448, Pulmonologist,555-6653,Hospital 44,28.857275,77.949905,09:30,16:30
Doc 449, Allergist,555-2520,Hospital 58,27.644043,76.214646,08:00,14:30
Doc 450, Endocrinologist,555-4378,Hospital 54,27.080134,76.569163,09:00,14:00
Doc 451, General Surgeon,555-4252,Hospital 78,28.532011,76.619887,10:30,14:00
Doc 452, Hematologist,555-9487,Hospital 10,27.427646,76.532277,10:00,16:00
Doc 453, Nephrologist,555-6897,Hospital 4,27.160783,77.762254,09:30,16:30
Doc 454, Hepatologist,555-1640,Hospital 37,27.065145,77.938441,10:30,16:30
Doc 455, Cardiologist,555-9345,Hospital 2,28.103695,76.565067,11:30,14:00
Doc 456, Vascular Surgeon,555-0182,Hospital 10,27.427646,76.532277,10:00,13:30
Doc 457, Pulmonologist,555-8045,Hospital 97,27.789605,77.928932,11:30,14:30
Doc 458, Urologist,555-4001,Hospital 52,28.629988,77.644062,08:00,15:00
Doc 459, Rheumatologist,555-3969,Hospital 14,27.181245,77.269759,11:00,13:00
Doc 460, Pulmonologist,555-9564,Hospital 57,28.528388,76.059994,11:00,16:00
Doc 461, Neurologist,555-3985,Hospital 34,28.427935,76.712054,09:30,14:00
Doc 462, Dermatologist,555-6856,Hospital 48,28.718172,77.133657,09:00,15:30
Doc 463, Pulmonologist,555-9579,Hospital 39,28.887419,77.329242,09:00,13:00
Doc 464, General Surgeon,555-1097,Hospital 19,28.545434,77.8456,08:00,16:00
Doc 465, Child Psychiatrist,555-1897,Hospital 2,28.103695,76.565067,09:30,15:00
Doc 466, Infectious Disease Specialist     ,555-5484,Hospital 41,27.709855,77.977978,08:00,14:30
Doc 467, Infectious Disease Specialist,555-1842,Hospital 4,27.160783,77.762254,10:30,14:30
Doc 468, Hematologist,555-4553,Hospital 97,27.789605,77.928932,09:00,14:00
Doc 469, Otolaryngologist,555-4893,Hospital 82,27.334641,76.523613,09:30,15:00
Doc 470, Gastroenterologist,555-3772,Hospital 4,27.160783,77.762254,10:00,13:30
Doc 471, Allergist,555-6440,Hospital 76,28.849224,76.179744,09:00,16:00
Doc 472, Gynecologic Oncologist,555-3801,Hospital 51,28.270851,77.874127,09:30,16:00
Doc 473, Infectious Disease Specialist,555-2123,Hospital 92,27.546642,77.006422,09:00,13:00
Doc 474, Neurologist,555-4181,Hospital 54,27.080134,76.569163,10:00,14:00
Doc 475, General Surgeon,555-0926,Hospital 60,27.223851,76.280274,10:30,14:00
Doc 476, Infectious Disease Specialist,555-1314,Hospital 14,27.181245,77.269759,08:30,13:30
Doc 477, Hematologist,555-1106,Hospital 15,27.924998,77.924818,11:00,16:30
Doc 478, Vascular Surgeon,555-0641,Hospital 24,28.975087,77.450593,09:30,15:00
Doc 479, Child Psychiatrist,555-5366,Hospital 58,27.644043,76.214646,11:30,16:30
Doc 480, Cardiologist,555-4716,Hospital 18,27.097191,77.579119,10:30,14:00
Doc 481, Gastroenterologist,555-5572,Hospital 14,27.181245,77.269759,10:30,16:00
Doc 482, Infectious Disease Specialist,555-5786,Hospital 80,27.836535,76.437371,10:30,13:00
Doc 483, Hematologist,555-4256,Hospital 48,28.718172,77.133657,10:30,14:30
Doc 484, Gastroenterologist,555-4522,Hospital 60,27.223851,76.280274,10:00,14:00
Doc 485, Psychiatrist,555-2195,Hospital 51,28.270851,77.874127,08:30,13:00
Doc 486, Infectious Disease Specialist     ,555-9534,Hospital 96,27.455941,77.232603,08:00,15:00
Doc 487, Nephrologist,555-5156,Hospital 66,27.049303,77.942344,08:00,14:30
Doc 488, Nephrologist,555-5570,Hospital 72,28.586966,76.844926,10:30,15:30
Doc 489, Pulmonologist,555-6878,Hospital 92,27.546642,77.006422,10:30,15:30
Doc 490, Pulmonologist,555-0642,Hospital 92,27.546642,77.006422,09:00,15:30
Doc 491, Infectious Disease Specialist,555-7614,Hospital 30,28.82671,77.676573,11:30,15:30
Doc 492, Gastroenterologist,555-8834,Hospital 87,28.872837,76.69724,10:30,15:00
Doc 493, Child Psychiatrist,555-5501,Hospital 86,28.753137,77.95177,11:00,15:00
Doc 494, General Practitioner (GP),555-2864,Hospital 54,27.080134,76.569163,08:00,14:00
Doc 495, Otolaryngologist,555-8252,Hospital 57,28.528388,76.059994,08:00,14:30
Doc 496, General Practitioner (GP),555-3588,Hospital 19,28.545434,77.8456,09:00,15:00
Doc 497, Cardiologist,555-3530,Hospital 39,28.887419,77.329242,09:30,16:30
Doc 498, Infectious Disease Specialist,555-4824,Hospital 28,27.194579,77.842213,08:00,14:00
Doc 499, Endocrinologist,555-1360,Hospital 5,27.990737,76.692703,09:00,13:30
Doc 500, Infectious Disease Specialist,555-3470,Hospital 43,27.721067,77.122115,10:30,13:30
